1	Tepsi	Tray
2	Para Mıknatısı	Money Magnet
3	Hareket Hızı	Move Speed
4	hız	speed
5	ürün	item
6	Son seviye	Max Level
7	Hız	Speed
8	Garsonların ortak tepsisi ve hızı — hepsi tek havuzdan, her masaya.	All waiters share one tray and speed pool across every table.
9	Leğen	Tub
10	Tüm salonların bulaşıkçılarına ortak: leğen tek turda daha çok taşır, hız turu kısaltır.	Shared by all dishwashers: the tub carries more per trip, while speed shortens each trip.
11	Çaycı	Tea Maker
12	Garson	Waiter
13	Bulaşıkçı	Dishwasher
14	Çaycı seviyesi	Tea Maker Level
15	Seviye	Level
16	Ayarlar	Settings
17	Yakınlaş	Zoom In
18	Genel bakış	Overview
19	Reklam izle, para kazan	Watch Ad, Earn Coins
20	Tostları bırak	Drop Toasts
21	Çayları bırak	Drop Tea
22	Müşteri kalmadıysa tepsini boşaltabilirsin — kaplar temiz rafa döner.	If no customers are left, you can empty your tray — dishes return to the clean shelf.
23	Tamamlandı	Completed
24	Çaycı panelinden al	Get from Tea Maker Panel
25	Hedefe git	Go to Goal
26	Görev hattı tamamlandı — mekân senin.	Task line complete — the place is yours.
27	Görevler	Tasks
28	Hedefler	Goals
29	Mağaza	Shop
30	Buradan yükselt	Upgrade Here
31	Bu yükseltme	This upgrade
32	sekmesinde — dokun ve satın al.	in this tab — tap to buy.
33	Kafenin adı	Place Name
34	Ses	Sound
35	Ses seviyesi	Volume
36	Müzik	Music
37	Müzik seviyesi	Music Volume
38	Gölgeler	Shadows
39	KÜNYE	PROFILE
40	Kayıt şeması	Save Data
41	Toplam kazanç	Total Earnings
42	Servis edilen çay	Tea Served
43	Yıkanan bulaşık	Dishes Washed
44	Açılan nokta	Points Unlocked
45	Kayıt bu cihazda tutulur; Play Games'e bağlıysan buluta da yedeklenir. Oyunu sıfırlarsan geri alınamaz.	Save data is stored on this device; if you're connected to Play Games, it's also backed up to the cloud. Resetting the game can't be undone.
46	Kayıt bu cihazda tutulur. Oyunu sıfırlarsan geri alınamaz.	Save data is stored on this device. Resetting the game can't be undone.
47	Oyunu sıfırla	Reset Game
48	Oyunu sıfırla?	Reset Game?
49	Tüm ilerleme silinecek	All progress will be deleted
50	(bulut yedeği dahil)	(including cloud backup)
51	. Geri alınamaz.	. This can't be undone.
52	Evet, sıfırla	Yes, Reset
53	Vazgeç	Cancel
54	Seviye {1}!	Level {1}!
55	Servis hızı	Service Speed
56	Sen yokken mekân çalıştı	The place kept running while you were away
57	İzle, +{1}	Watch, +{1}
58	BUGÜN	TODAY
59	Bugünkü görevleri tamamladın — yenileri yarın	You've completed today's tasks — new ones tomorrow
60	GÜNLÜK GÖREV	DAILY TASK
61	Ödülünü al	Claim Reward
62	Hedefe bak	View Goal
63	Bulaşık birikiyor	Dishes Are Piling Up
64	Müşteriler çayını içince masada	After customers finish their tea,
65	bırakır. Onları topla ve bulaşık tezgâhına götür — yıkanan bardaklar temiz rafa döner.	they leave the cups on the table. Collect them and take them to the dish counter — washed cups return to the clean shelf.
66	Anladım	Got It
67	Kapat	Close
68	Bir reklam izle, son dakikada kazandığın kadar para al	Watch an ad to earn as many coins as you made in the last minute
69	İzle	Watch
70	Yeni haklar {1} sonra	New chances in {1}
